{
    "ep_rew_mean": 0.9018999999999998,
    "parameters": {
        "batch_size": 256,
        "embedding_dim": 32,
        "ent_coef": 0.008010589458527784,
        "gail_loss": "agent",
        "hidden_size": 100,
        "learning_rate":0.00034455045246110856,
        "n_embeddings": 8,
        "n_steps": 128,
        "policy_lr": 0.00037256374976335976,
        "reward_factor": 1
    }
}

