{
    "ep_rew_mean": 0.9223840000000001,
    "parameters": {
        "batch_size": 256,
        "cnn_version": "minigrid_1",
        "embedding_dim": 256,
        "ent_coef": 0.007362935294707727,
        "gail_loss": "agent",
        "hidden_size": 64,
        "learning_rate": 0.0009464115679101064,
        "n_embeddings": 128,
        "n_steps": 128,
        "policy_lr": 0.0003353917725660641,
        "reward_factor": 1
    },
    "run_id": "g0y7o702"
}