{
    "ep_rew_mean": 0.9508240000000001,
    "parameters": {
        "batch_size": 256,
        "cnn_version": "minigrid_3",
        "embedding_dim": 64,
        "ent_coef": 0.005867276621700425,
        "gail_loss": "agent",
        "hidden_size": 128,
        "learning_rate": 0.0008263956315225038,
        "n_embeddings": 128,
        "n_steps": 128,
        "policy_lr": 0.0005934152445072732,
        "reward_factor": 1
    },
    "run_id": "1engpqfr"
}