{
    "ep_rew_mean": 0.937144,
    "parameters": {
        "batch_size": 256,
        "cnn_version": "minigrid_3",
        "embedding_dim": 32,
        "ent_coef": 0.009185990104964886,
        "gail_loss": "agent",
        "hidden_size": 128,
        "learning_rate": 0.0008276909091766083,
        "n_embeddings": 256,
        "n_steps": 128,
        "policy_lr": 0.00028277747868779866,
        "reward_factor": 1
    },
    "run_id": "1iampn33"
}