{
    "ep_rew_mean": 0.9478719999999999,
    "parameters": {
        "batch_size": 256,
        "cnn_version": "minigrid_1",
        "embedding_dim": 32,
        "ent_coef": 0.005629665750906629,
        "gail_loss": "agent",
        "hidden_size": 128,
        "learning_rate": 0.0009433175569007548,
        "n_embeddings": 238,
        "n_steps": 128,
        "policy_lr": 0.0006588232181760512,
        "reward_factor": 1
    },
    "run_id": "8bf1akyx"
}