{
    "ep_rew_mean": 0.9160480000000001,
    "parameters": {
        "batch_size": 256,
        "cnn_version": "minigrid_1",
        "embedding_dim": 126,
        "ent_coef": 0.002642252127652961,
        "gail_loss": "agent",
        "hidden_size": 128,
        "learning_rate": 0.0006859655353041601,
        "n_embeddings": 64,
        "n_steps": 128,
        "policy_lr": 0.0002648033121987885,
        "reward_factor": 1
    },
    "run_id": "d7zhgs97"
}