{
    "ep_rew_mean": 0.9554320000000002,
    "parameters": {
        "batch_size": 256,
        "cnn_version": "minigrid_3",
        "embedding_dim": 32,
        "ent_coef": 0.003177241991741534,
        "gail_loss": "agent",
        "hidden_size": 128,
        "learning_rate": 0.00040021042634959334,
        "n_embeddings": 256,
        "n_steps": 128,
        "policy_lr": 0.0005590374728766711,
        "reward_factor": 1
    },
    "run_id": "zj1z66ik"
}