{
    "ep_rew_mean": 0.955252,
    "parameters": {
        "batch_size": 256,
        "cnn_version": "minigrid_2",
        "embedding_dim": 256,
        "ent_coef": 0.007530658897626025,
        "gail_loss": "agent",
        "hidden_size": 64,
        "learning_rate": 0.0007633804142354271,
        "n_embeddings": 128,
        "n_steps": 128,
        "policy_lr": 0.0005349352978231806,
        "reward_factor": 1
    },
    "run_id": "48rdduk"
}