{
    "ep_rew_mean": 0.9497800000000001,
    "parameters": {
        "batch_size": 256,
        "cnn_version": "minigrid_1",
        "embedding_dim": 32,
        "ent_coef": 0.006816540724845464,
        "gail_loss": "agent",
        "hidden_size": 128,
        "learning_rate": 0.000896182763490878,
        "n_embeddings": 256,
        "n_steps": 128,
        "policy_lr": 0.0005413894844965194,
        "reward_factor": 1
    },
    "run_id": "648dkco0"
}