{
    "ep_rew_mean": 0.953848,
    "parameters": {
        "batch_size": 256,
        "cnn_version": "minigrid_3",
        "embedding_dim": 256,
        "ent_coef": 0.006402269968325162,
        "gail_loss": "agent",
        "hidden_size": 64,
        "learning_rate": 0.0009766527075938964,
        "n_embeddings": 256,
        "n_steps": 128,
        "policy_lr": 0.0005004667568918313,
        "reward_factor": 1
    },
    "run_id": "zec3um6i"
}