{
    "ep_rew_mean": 0.9515800000000003,
    "parameters": {
        "batch_size": 256,
        "cnn_version": "minigrid_1",
        "embedding_dim": 16,
        "ent_coef": 0.004293825480908691,
        "gail_loss": "agent",
        "hidden_size": 32,
        "learning_rate": 0.0005896309608159266,
        "n_embeddings": 8,
        "n_steps": 128,
        "policy_lr": 0.0006949925207767616,
        "reward_factor": 1
    },
    "run_id": "5ulpbcaz"
}