{
    "ep_rew_mean": 0.9339399999999999,
    "parameters": {
        "batch_size": 256,
        "cnn_version": "minigrid_2",
        "embedding_dim": 126,
        "ent_coef": 0.008845944199973725,
        "gail_loss": "agent",
        "hidden_size": 128,
        "learning_rate": 0.0008227616838701088,
        "n_embeddings": 256,
        "n_steps": 128,
        "policy_lr": 0.0003194626505605886,
        "reward_factor": 1
    },
    "run_id": "m2btcu13"
}