{
    "ep_rew_mean": 0.9469719999999999,
    "parameters": {
        "batch_size": 256,
        "cnn_version": "minigrid_2",
        "embedding_dim": 16,
        "ent_coef": 0.00854853936793231,
        "gail_loss": "agent",
        "hidden_size": 64,
        "learning_rate": 0.0008728238568535568,
        "n_embeddings": 256,
        "n_steps": 128,
        "policy_lr": 0.00028006876931297846,
        "reward_factor": 1
    },
    "run_id": "pto48o7n"
}