{
    "ep_rew_mean": 0.945604,
    "parameters": {
        "batch_size": 256,
        "cnn_version": "minigrid_3",
        "embedding_dim": 8,
        "ent_coef": 0.0022615809462464024,
        "gail_loss": "agent",
        "hidden_size": 64,
        "learning_rate": 0.0008014697739364908,
        "n_embeddings": 238,
        "n_steps": 128,
        "policy_lr": 0.0002597534487241253,
        "reward_factor": 1
    },
    "run_id": "nsix3no5"
}