{
    "ep_rew_mean": 0.8799760000000002,
    "parameters": {
        "batch_size": 256,
        "cnn_version": "minigrid_2",
        "embedding_dim": 64,
        "ent_coef": 0.002943422346983657,
        "gail_loss": "agent",
        "hidden_size": 64,
        "learning_rate": 0.00042640651675621345,
        "n_embeddings": 128,
        "n_steps": 128,
        "policy_lr": 0.0002802713371537756,
        "reward_factor": 1
    },
    "run_id": "3yjwkizk"
}