{
    "ep_rew_mean": 0.9564760000000001,
    "parameters": {
        "batch_size": 256,
        "cnn_version": "minigrid_3",
        "embedding_dim": 256,
        "ent_coef": 0.003918841193389384,
        "gail_loss": "agent",
        "hidden_size": 64,
        "learning_rate": 0.0009279856232063926,
        "n_embeddings": 128,
        "n_steps": 128,
        "policy_lr": 0.0005038120378099797,
        "reward_factor": 1
    },
    "run_id": "n3m1hrkc"
}