{
    "ep_rew_mean": 0.9567640000000002,
    "parameters": {
        "batch_size": 256,
        "cnn_version": "minigrid_3",
        "embedding_dim": 8,
        "ent_coef": 0.004947474515637043,
        "gail_loss": "agent",
        "hidden_size": 64,
        "learning_rate": 0.0006367832778755061,
        "n_embeddings": 238,
        "n_steps": 128,
        "policy_lr": 0.0005509862108002782,
        "reward_factor": 1
    },
    "run_id": "5mbyhoah"
}