{
    "ep_rew_mean": 0.9322120000000003,
    "parameters": {
        "batch_size": 256,
        "cnn_version": "minigrid_1",
        "embedding_dim": 256,
        "ent_coef": 0.009831981081356468,
        "gail_loss": "agent",
        "hidden_size": 128,
        "learning_rate": 0.0001765393849660106,
        "n_embeddings": 256,
        "n_steps": 128,
        "policy_lr": 0.00026973558454098046,
        "reward_factor": 1
    },
    "run_id": "6d2yu0x3"
}