{
    "ep_rew_mean": 0.9222400000000001,
    "parameters": {
        "batch_size": 256,
        "cnn_version": "minigrid_1",
        "embedding_dim": 256,
        "ent_coef": 0.005425993369746614,
        "gail_loss": "agent",
        "hidden_size": 128,
        "learning_rate": 0.000797334130809375,
        "n_embeddings": 64,
        "n_steps": 128,
        "policy_lr": 0.00029231553695510356,
        "reward_factor": 1
    },
    "run_id": "fozvbvlb"
}