{
    "ep_rew_mean": 0.954928,
    "parameters": {
        "batch_size": 256,
        "cnn_version": "minigrid_3",
        "embedding_dim": 32,
        "ent_coef": 0.0065500866088311184,
        "gail_loss": "agent",
        "hidden_size": 32,
        "learning_rate": 0.0008518290450649859,
        "n_embeddings": 16,
        "n_steps": 128,
        "policy_lr": 0.0004323149767860956,
        "reward_factor": 1
    },
    "run_id": "muvpthoz"
}