{
    "ep_rew_mean": 0.9461800000000001,
    "parameters": {
        "batch_size": 256,
        "cnn_version": "minigrid_2",
        "embedding_dim": 8,
        "ent_coef": 0.008597004102518716,
        "gail_loss": "agent",
        "hidden_size": 32,
        "learning_rate": 0.0008523083365305124,
        "n_embeddings": 8,
        "n_steps": 128,
        "policy_lr": 0.0003008308895429751,
        "reward_factor": 1
    },
    "run_id": "hki52pet"
}