{
    "ep_rew_mean": 0.9433,
    "parameters": {
        "batch_size": 256,
        "cnn_version": "minigrid_2",
        "embedding_dim": 126,
        "ent_coef": 0.0002589844481496457,
        "gail_loss": "agent",
        "hidden_size": 128,
        "learning_rate": 0.0006047149495463231,
        "n_embeddings": 128,
        "n_steps": 128,
        "policy_lr": 0.0005898878397030308,
        "reward_factor": 1
    },
    "run_id": "torb4fu"
}