{
    "ep_rew_mean": 0.9333279999999999,
    "parameters": {
        "batch_size": 256,
        "cnn_version": "minigrid_1",
        "embedding_dim": 256,
        "ent_coef": 0.003898056995083443,
        "gail_loss": "agent",
        "hidden_size": 128,
        "learning_rate": 0.0005761225027902538,
        "n_embeddings": 256,
        "n_steps": 128,
        "policy_lr": 0.0005357256542304336,
        "reward_factor": 1
    },
    "run_id": "53yqjjnw"
}