{
    "ep_rew_mean": 0.9268840000000003,
    "parameters": {
        "batch_size": 256,
        "cnn_version": "minigrid_2",
        "embedding_dim": 64,
        "ent_coef": 0.0020516632610167907,
        "gail_loss": "agent",
        "hidden_size": 64,
        "learning_rate": 0.0009841087382840969,
        "n_embeddings": 256,
        "n_steps": 128,
        "policy_lr": 0.00044387640045385536,
        "reward_factor": 1
    },
    "run_id": "rlddgshs"
}