{
    "ep_rew_mean": 0.9575919999999999,
    "parameters": {
        "batch_size": 256,
        "cnn_version": "minigrid_3",
        "embedding_dim": 256,
        "ent_coef": 0.0008423691209900677,
        "gail_loss": "agent",
        "hidden_size": 128,
        "learning_rate": 0.00033440992932836126,
        "n_embeddings": 64,
        "n_steps": 128,
        "policy_lr": 0.0002924626916357515,
        "reward_factor": 1
    },
    "run_id": "w0l2pv2x"
}