{
    "ep_rew_mean": 0.8833319999999999,
    "parameters": {
        "batch_size": 256,
        "cnn_version": "minigrid_1",
        "embedding_dim": 32,
        "ent_coef": 0.0012829825742147838,
        "gail_loss": "agent",
        "hidden_size": 32,
        "learning_rate": 0.0007766368627737878,
        "n_embeddings": 4,
        "n_steps": 128,
        "policy_lr": 0.00029218562775272066,
        "reward_factor": 1
    },
    "run_id": "plu3s1pr"
}