{
    "ep_rew_mean": 0.9402399999999999,
    "parameters": {
        "batch_size": 256,
        "cnn_version": "minigrid_1",
        "embedding_dim": 64,
        "ent_coef": 0.005965893442590103,
        "gail_loss": "agent",
        "hidden_size": 128,
        "learning_rate": 0.0009582026783148916,
        "n_embeddings": 256,
        "n_steps": 128,
        "policy_lr": 0.0005612609103136697,
        "reward_factor": 1
    },
    "run_id": "4mehngkr"
}