{
    "ep_rew_mean": 0.9436599999999999,
    "parameters": {
        "batch_size": 256,
        "cnn_version": "minigrid_1",
        "embedding_dim": 64,
        "ent_coef": 0.00639323446148167,
        "gail_loss": "agent",
        "hidden_size": 128,
        "learning_rate": 0.0004753375890205839,
        "n_embeddings": 256,
        "n_steps": 128,
        "policy_lr": 0.0004432144497961187,
        "reward_factor": 1
    },
    "run_id": "5mhvmwbp"
}