{
    "ep_rew_mean": 0.9225639999999998,
    "parameters": {
        "batch_size": 256,
        "cnn_version": "minigrid_1",
        "embedding_dim": 16,
        "ent_coef": 0.009479131154291833,
        "gail_loss": "agent",
        "hidden_size": 128,
        "learning_rate": 0.00040768489873581776,
        "n_embeddings": 256,
        "n_steps": 128,
        "policy_lr": 0.0003135417265781728,
        "reward_factor": 1
    },
    "run_id": "i534mb7w"
}