{
    "ep_rew_mean": 0.934264,
    "parameters": {
        "batch_size": 256,
        "cnn_version": "minigrid_1",
        "embedding_dim": 64,
        "ent_coef": 0.0006673670246618943,
        "gail_loss": "agent",
        "hidden_size": 64,
        "learning_rate": 0.0009569032746136372,
        "n_embeddings": 128,
        "n_steps": 128,
        "policy_lr": 0.0005688610628365571,
        "reward_factor": 1
    },
    "run_id": "n114y3h6"
}