{
    "ep_rew_mean": 0.9012880000000001,
    "parameters": {
        "batch_size": 256,
        "cnn_version": "minigrid_2",
        "embedding_dim": 126,
        "ent_coef": 0.009637395937566497,
        "gail_loss": "agent",
        "hidden_size": 64,
        "learning_rate": 0.0007980833666592368,
        "n_embeddings": 256,
        "n_steps": 128,
        "policy_lr": 0.0002871961033148093,
        "reward_factor": 1
    },
    "run_id": "nbuusguw"
}