{
    "ep_rew_mean": 0.907588,
    "parameters": {
        "batch_size": 256,
        "cnn_version": "minigrid_3",
        "embedding_dim": 16,
        "ent_coef": 0.0063794494714652155,
        "gail_loss": "agent",
        "hidden_size": 64,
        "learning_rate": 0.0005206824833413838,
        "n_embeddings": 238,
        "n_steps": 128,
        "policy_lr": 0.00024680134803185946,
        "reward_factor": 1
    },
    "run_id": "sh5szrlw"
}