{
    "ep_rew_mean": 0.8698960000000001,
    "parameters": {
        "batch_size": 256,
        "cnn_version": "minigrid_1",
        "embedding_dim": 64,
        "ent_coef": 0.008262174511261005,
        "gail_loss": "agent",
        "hidden_size": 128,
        "learning_rate": 0.000956690215370174,
        "n_embeddings": 256,
        "n_steps": 128,
        "policy_lr": 0.0002795037726355265,
        "reward_factor": 1
    },
    "run_id": "1zl9ifwi"
}