{
    "ep_rew_mean": 0.9475119999999998,
    "parameters": {
        "batch_size": 256,
        "cnn_version": "minigrid_1",
        "embedding_dim": 126,
        "ent_coef": 0.004260266865489851,
        "gail_loss": "agent",
        "hidden_size": 128,
        "learning_rate": 0.0005529482571560757,
        "n_embeddings": 64,
        "n_steps": 128,
        "policy_lr": 0.0003815847402812345,
        "reward_factor": 1
    },
    "run_id": "fro7sbg3"
}