
{
    "ep_rew_mean": 0.95,
    "parameters": {
            "learning_rate": 0.00025612659194337487,
            "reward_factor": 1,
            "gail_loss": "agent",
            "ent_coef": 0.000381062968769784,
            "policy_lr":  0.00011196347629518972,
            "n_steps": 128,
            "batch_size": 64,
            "hidden_size": 64,
            "latent_size":128
    }
}


