{
    "ep_rew_mean": 752.68107828,
    "parameters": {
        "batch_size": 256,
        "discrim_hidden_size": 32,
        "ent_coef": 0.000687701075720947,
        "gae_lambda": 0.9644397576765046,
        "gail_loss": "agent",
        "learning_rate": 0.0002678946474487327,
        "n_steps": 1024,
        "policy_lr": 2.785995648769755e-05
    }
}