{
    "ep_rew_mean": 0.8185356999999998,
    "parameters": {
        "batch_size": 256,
        "cnn_version": "miniworld_1",
        "embedding_dim": 16,
        "ent_coef": 0.006094516569215927,
        "gail_loss": "agent",
        "hidden_size": 64,
        "learning_rate": 0.00046516007850286046,
        "n_embeddings": 8,
        "n_steps": 256,
        "policy_lr": 0.0004512324137267065,
        "reward_factor": 1
    },
    "run_id": "kq9862in"
}