{
    "ep_rew_mean": 0.87005004,
    "parameters": {
        "batch_size": 256,
        "cnn_version": "miniworld_1",
        "embedding_dim": 32,
        "ent_coef": 0.008541806771498267,
        "gail_loss": "agent",
        "hidden_size": 64,
        "learning_rate": 0.0007512372367802417,
        "n_embeddings": 8,
        "n_steps": 256,
        "policy_lr": 0.0004747961002792606,
        "reward_factor": 1
    },
    "run_id": "esfc7x2t"
}