{
    "ep_rew_mean": 0.8281714199999999,
    "parameters": {
        "batch_size": 256,
        "embedding_dim": 32,
        "ent_coef": 0.007640716061656076,
        "gail_loss": "agent",
        "hidden_size": 100,
        "learning_rate": 0.0003999904353802185,
        "n_embeddings": 8,
        "n_steps": 128,
        "policy_lr": 0.0003794727077313047,
        "reward_factor": 1
    }
}